最终文件,保留来源,已合并的相同副本,SHA256,修订前来源
01_小程序/01_今日.png,/Users/liuzirui/.codex/generated_images/01a06cce-2960-71d1-aa87-e78d99bcf9f2/exec-37d130a1-5680-4e7e-adff-e14e548b69c3.png,,e97388c664594f6fe4adb316eba5c493a5c511b23b2e5354a57808d61102733d,小程序_单页设计图_顺序版/01_今日.png
01_小程序/02_学习.png,/Users/liuzirui/.codex/generated_images/01a06cce-2960-71d1-aa87-e78d99bcf9f2/exec-48605ad1-596b-4fd1-b7d7-c59df976ee88.png,,cd1b95eaac8ae8110308f5857a5c0ec23f387fc23f01be36a281c87fed35114e,小程序_单页设计图_顺序版/02_学习.png | /Users/liuzirui/.codex/generated_images/01a06cce-2960-71d1-aa87-e78d99bcf9f2/exec-52e20429-73e9-49fc-849f-f63245948e98.png
01_小程序/03_内容详情.png,小程序_单页设计图_顺序版/03_内容详情.png,小程序_24张单页设计图_顺序版/03_内容详情.png,924ab053303282efd302059804c9970f45a9c4679f2662be1fef30aa51dc0a00,
01_小程序/04_英语.png,/Users/liuzirui/.codex/generated_images/01a06cce-2960-71d1-aa87-e78d99bcf9f2/exec-fcd79d7c-e355-4b60-ad3e-f02316ffb63b.png,,6e56c57b4c13adca80bfa9509dd3b6300832636a2bb976a3a193c98ac0ad90ea,小程序_单页设计图_顺序版/04_英语.png | /Users/liuzirui/.codex/generated_images/01a06cce-2960-71d1-aa87-e78d99bcf9f2/exec-2d468ce8-261d-40e8-8da4-53f728b9f785.png
01_小程序/05_词条详情.png,/Users/liuzirui/.codex/generated_images/01a06cce-2960-71d1-aa87-e78d99bcf9f2/exec-f01a54e8-605f-4a0f-8d29-58909a3c48b3.png,,c84d31dd3f493d9afee2ecf91e21860f7afb2685f3d33858d99e1ec6f65b1b01,小程序_单页设计图_顺序版/05_词条详情.png | /Users/liuzirui/.codex/generated_images/01a06cce-2960-71d1-aa87-e78d99bcf9f2/exec-3700131b-e70a-4813-a7c9-4e10f45220d3.png | /Users/liuzirui/.codex/generated_images/01a06cce-2960-71d1-aa87-e78d99bcf9f2/exec-e3598485-df5c-4a25-b58f-37e4c104c8d0.png
01_小程序/06_今日复盘.png,小程序_单页设计图_顺序版/06_今日复盘.png,小程序_24张单页设计图_顺序版/06_今日复盘.png,ec4d075ccd19c49af8bb406cbf739826b477bc265a1e35ed55ab43b5f8e24cd3,
01_小程序/07_知识库.png,小程序_单页设计图_顺序版/07_知识库.png,小程序_24张单页设计图_顺序版/07_知识库.png,741b061fc18286cf5a75cff2c3563aaad7ca8cf6ad600b815beb02bec33c2cf1,
01_小程序/08_问题卡详情.png,/Users/liuzirui/.codex/generated_images/01a06cce-2960-71d1-aa87-e78d99bcf9f2/exec-d84e7f22-765b-4957-a289-d81e3109820b.png,,9fbd8c5986a66d7aae30d15faa921f198a8fe2fa9878603ede032295db5654de,小程序_单页设计图_顺序版/08_问题卡编辑.png
01_小程序/09_成长.png,小程序_单页设计图_顺序版/09_成长.png,小程序_24张单页设计图_顺序版/09_成长.png,f021aedb7227b2662b19e0194bf48f1b2213535c214b5e981be9405e5b2f9e03,
01_小程序/10_轻复习.png,小程序_单页设计图_顺序版/10_轻复习.png,小程序_24张单页设计图_顺序版/10_轻复习.png,1d0f726702300705a65fa67b36ef51f2c6990e668a11eccc0a4b4722ab9a6524,
01_小程序/11_周总结.png,小程序_单页设计图_顺序版/11_周总结.png,小程序_24张单页设计图_顺序版/11_周总结.png,70070bff696867dd868feec77bb2c4a7a80bb31a2c69f5176d918434f8662b0f,
01_小程序/12_行动编辑.png,小程序_单页设计图_顺序版/12_行动编辑.png,小程序_24张单页设计图_顺序版/12_行动编辑.png,a1cc32de9b9554e39967fd6a4c2419d750912cfd759071cf172e7b9fdc36e9ed,
01_小程序/13_我的.png,/Users/liuzirui/.codex/generated_images/01a06cce-2960-71d1-aa87-e78d99bcf9f2/exec-371531de-4c36-46f1-82a3-f27313286ce9.png,,2481b87f5352c5e53be6573df4d536224e3cf110ad14fea5bb1f99c48edc5687,小程序_单页设计图_顺序版/13_我的.png | /Users/liuzirui/.codex/generated_images/01a06cce-2960-71d1-aa87-e78d99bcf9f2/exec-dcb7def0-dd1a-420b-8ddd-40b14092f22d.png | /Users/liuzirui/.codex/generated_images/01a06cce-2960-71d1-aa87-e78d99bcf9f2/exec-ac55a8ce-808c-469c-9dbc-007b8cee97e5.png
01_小程序/14_计划设置.png,/Users/liuzirui/.codex/generated_images/01a06cce-2960-71d1-aa87-e78d99bcf9f2/exec-7dd038c9-02bb-4475-8c9e-56c9f617fbaf.png,,957cc1e744dc4fa88a43dd72dfa556a23a52da086263ec510c80d096a23323f4,小程序_单页设计图_顺序版/14_计划设置.png
01_小程序/15_隐私与数据.png,小程序_单页设计图_顺序版/15_隐私与数据.png,小程序_24张单页设计图_顺序版/15_隐私与数据.png,4ea7de5a2da2597db19c2ac609d04198f705f9aeae02d63f93db9991b543d838,
01_小程序/16_受邀准入.png,小程序_单页设计图_顺序版/16_受邀准入.png,小程序_24张单页设计图_顺序版/16_受邀准入.png,b54e52a7f94a9a36b2a29127d5fde0ea449c8889bc41b3a4521bab720655b476,
01_小程序/17_AI_发送预览.png,小程序_单页设计图_顺序版/17_AI_发送预览.png,小程序_24张单页设计图_顺序版/17_AI_发送预览.png,8fb061d64f4d3163e3147528f9865a4c1d29cdc86ba3d6a0d6731a2c8a70e026,
01_小程序/18_AI_处理中.png,小程序_单页设计图_顺序版/18_AI_处理中.png,小程序_24张单页设计图_顺序版/18_AI_处理中.png,626389f8bac47c89cd9dcbf0f0514a2fc3d0c32518b61e0360c36a6c7f74d02c,
01_小程序/19_AI_确认结果.png,小程序_单页设计图_顺序版/19_AI_确认结果.png,小程序_24张单页设计图_顺序版/19_AI_确认结果.png,c7498db94378475199d4ce0050ea9bffe145fde126dd26490991ec6c88257111,
01_小程序/20_AI_失败回退.png,小程序_单页设计图_顺序版/20_AI_失败回退.png,小程序_24张单页设计图_顺序版/20_AI_失败回退.png,d45c94feab40288199e79e2f222beb08ff51c04493c75d93543954c19f185d61,
01_小程序/21_暂无任务.png,小程序_单页设计图_顺序版/21_暂无任务.png,小程序_24张单页设计图_顺序版/21_暂无任务.png,c76a746751cc1f065b5b0a2e0b8fbb8811b39ad0e572114c8a8bd73a70c120ff,
01_小程序/22_无搜索结果.png,/Users/liuzirui/.codex/generated_images/01a06cce-2960-71d1-aa87-e78d99bcf9f2/exec-9211cc0a-0ba6-4bed-b9d0-50be726596f1.png,,e42e5dd0a12c1b220b14afb04a5fedba8b43aa37dd030ccd8ea995534bdccbca,小程序_单页设计图_顺序版/22_无搜索结果.png
01_小程序/23_同步与冲突.png,小程序_单页设计图_顺序版/23_同步与冲突.png,小程序_24张单页设计图_顺序版/23_同步与冲突.png,3698bef0563aa1791ce27a20c01508d9ae7e234d625bd3fa45270932f8d49251,
01_小程序/24_删除确认.png,/Users/liuzirui/.codex/generated_images/01a06cce-2960-71d1-aa87-e78d99bcf9f2/exec-47ed3d6d-0269-4b03-9508-c048ad3a083c.png,,e6b2b99152bba5c05d14ec88d1e803153d8ac3ad7fac1beeaa14eb4a73550f3b,小程序_单页设计图_顺序版/24_删除确认.png
01_小程序/25_定时任务.png,新增功能_单页设计_25-33/25_定时任务.png,,616a7d61d59feb58774ce98ac2bfa93a4feeb0656856c279775dcfe93883f4d8,
01_小程序/26_新建定时任务.png,新增功能_单页设计_25-33/26_新建定时任务.png,,6779695be49a532da3373c38400004dd73fe7f6fbf547c37c5dc04532501646a,
01_小程序/27_每日资源.png,新增功能_单页设计_25-33/27_每日资源.png,,0870037f83bccd6e2360f0ebf2e6b50efc9a440f7a3d6b704e66d00f7ddce054,
01_小程序/28_热门摄影.png,新增功能_单页设计_25-33/28_热门摄影.png,,9004465283b70331d99e8a961b64b4cb7458ef36f3a226dbd76eb07d40a3bfe4,
01_小程序/29_做笔记.png,/Users/liuzirui/.codex/generated_images/01a06cce-2960-71d1-aa87-e78d99bcf9f2/exec-b946ca90-96e4-4012-a66c-6ce7532efd87.png,,e0c7e0caee4d7072d979165a72c0803ef7d68c0416cb27c6086ab0fe613ac334,
01_小程序/30_我的收藏.png,/Users/liuzirui/.codex/generated_images/01a06cce-2960-71d1-aa87-e78d99bcf9f2/exec-d07c29c6-69bf-44b6-96a8-6081b7c6e23c.png,,b9fbf13f39ed3dea055e575d03f7d7ab7a499fb1966cd9f2c30e01cdbe2ac3f9,
01_小程序/31_生词本.png,/Users/liuzirui/.codex/generated_images/01a06cce-2960-71d1-aa87-e78d99bcf9f2/exec-b2d71bff-f093-4649-94fa-089037471ce0.png,,f0534ffada3b96273635ac11913c83bf928b17c78e2c3070be3ca9168308eebc,
01_小程序/32_英语短文.png,/Users/liuzirui/.codex/generated_images/01a06cce-2960-71d1-aa87-e78d99bcf9f2/exec-28b89e48-e898-445a-a111-e7cfd53a71fd.png,,1ee9e1ef31ae03279cbbed1745dc5cf603c9650b8def21beeb9bbe09566ea8d3,
01_小程序/33_短文详情.png,/Users/liuzirui/.codex/generated_images/01a06cce-2960-71d1-aa87-e78d99bcf9f2/exec-5eda8769-4847-4eaf-8d75-cee5a1ebdfef.png,,e800b059dbeb5879df886bf66b43e21982da0c9b1d4cbd1bb744bf56edd35884,
01_小程序/34_新建知识.png,/Users/liuzirui/.codex/generated_images/01a06cce-2960-71d1-aa87-e78d99bcf9f2/exec-67c40076-b058-49c8-b166-6b8d8f30c2c9.png,,307b60a72cbf3edd62c7675ead271fb2472b4050fa94fd4e1231d74c7076d3a6,/Users/liuzirui/.codex/generated_images/01a06cce-2960-71d1-aa87-e78d99bcf9f2/exec-1bcfb168-ff09-4500-bdbe-0c4a4cb2db2e.png
01_小程序/35_好友与共享.png,/Users/liuzirui/.codex/generated_images/01a06cce-2960-71d1-aa87-e78d99bcf9f2/exec-0dde4dfb-268c-435f-b18c-23e31cf70d39.png,,33dd5d7bc909e4042edc7208940d864435041f04c4356eee8d72293534ad339d,/Users/liuzirui/.codex/generated_images/01a06cce-2960-71d1-aa87-e78d99bcf9f2/exec-c1ca99a8-cd20-438c-a327-24921d2d0998.png
01_小程序/36_添加好友.png,/Users/liuzirui/.codex/generated_images/01a06cce-2960-71d1-aa87-e78d99bcf9f2/exec-167d0a04-e24e-4a39-b581-05234ee72566.png,,9eabe42fd5a0738baa64350ebda01beddbb8bb0dd22817abcbcb2cfb1d91f940,/Users/liuzirui/.codex/generated_images/01a06cce-2960-71d1-aa87-e78d99bcf9f2/exec-9ca0cadd-dc47-417b-9e7c-738dbf0dcb67.png
01_小程序/37_好友申请.png,/Users/liuzirui/.codex/generated_images/01a06cce-2960-71d1-aa87-e78d99bcf9f2/exec-1ad01c84-96eb-4236-b093-74d19d6ea3d4.png,,53fe6a3627b1b07614e555ebe341a2dac1db64df9dad208e2e03ea5a0876ea7f,/Users/liuzirui/.codex/generated_images/01a06cce-2960-71d1-aa87-e78d99bcf9f2/exec-367d29c6-a1c4-495a-8e9f-3c02bc720e85.png
01_小程序/38_知识共享范围.png,/Users/liuzirui/.codex/generated_images/01a06cce-2960-71d1-aa87-e78d99bcf9f2/exec-5304a754-c0e5-471b-b4ed-27e243df0c66.png,,dc728ffbddf3aab769c5311f27fbf67f0fa2cea37bd3ae3624603ec0621c6591,/Users/liuzirui/.codex/generated_images/01a06cce-2960-71d1-aa87-e78d99bcf9f2/exec-db832d34-1c0f-42cf-ad10-a577be73551d.png
01_小程序/39_好友共享详情.png,/Users/liuzirui/.codex/generated_images/01a06cce-2960-71d1-aa87-e78d99bcf9f2/exec-0058a20d-4929-4fee-9fe1-37ba63e5f20c.png,,77a16da54a4a1ee073d66569cf4333b7b937d32d470b1d89a432adf36224e170,
01_小程序/40_多词性词条详情.png,/Users/liuzirui/.codex/generated_images/01a06cce-2960-71d1-aa87-e78d99bcf9f2/exec-a0284e9c-0375-4f1e-8b2c-001ca3f10a3d.png,,074419000888f4e8682478ad67e71ecfd065b2155cba072e1b10bf629e3579c0,
01_小程序/41_个人资料.png,/Users/liuzirui/.codex/generated_images/01a06cce-2960-71d1-aa87-e78d99bcf9f2/exec-886bd02a-c9f7-4c4b-8c1f-7483b06fed36.png,,52f379eac2cf0f0b91ad06963acef0ceb3088a73ea0dae8f5c294b793b3f1cd0,
01_小程序/42_更换头像.png,/Users/liuzirui/.codex/generated_images/01a06cce-2960-71d1-aa87-e78d99bcf9f2/exec-c736a16d-2134-4d7d-8923-9310e6a65ed5.png,,7acbb6125abfdbd5e52fbf63e95abcd0f67ce80f6daf8d10f46d52b615fd1f60,
01_小程序/43_好友个人资料.png,/Users/liuzirui/.codex/generated_images/01a06cce-2960-71d1-aa87-e78d99bcf9f2/exec-d7944d29-38f3-4b1b-a9b0-adb50d271696.png,,8cb3b5aff6a8ab2af2d05954cfe8617549a769429dc1cafcb30376b34158f154,
01_小程序/44_好友申请详情.png,/Users/liuzirui/.codex/generated_images/01a06cce-2960-71d1-aa87-e78d99bcf9f2/exec-0852b970-f2f5-4f68-849c-c884b5e002e8.png,,b523c1648a6625ac765ca3ae0c15ec40a46d776b0df0a077e5e19f70097b8bf7,
01_小程序/45_昵称搜索结果.png,/Users/liuzirui/.codex/generated_images/01a06cce-2960-71d1-aa87-e78d99bcf9f2/exec-7fed2c0e-ca59-44ff-9b0c-18ef52106f0e.png,,1eebafc6ed7c0cf2289a9f9e43ad7009ff1f56e6161c96a17be1e1510108205d,
01_小程序/46_注册信息确认.png,/Users/liuzirui/.codex/generated_images/01a06cce-2960-71d1-aa87-e78d99bcf9f2/exec-d00d1a82-9d5a-444f-8a0f-0598139e6e4e.png,,dddf2085c3060ace6ff429ea83a6e80ef95f92d907ce11dc1060d5e500dc4848,
02_Web管理端/01_概览.png,知行日课_R1_浅蓝柔和版/05_Web_概览.png,,66f79f5297ec6140801790005118389848def1d72e1ac954b1adefbf760c5f02,
02_Web管理端/02_内容与来源.png,知行日课_R1_浅蓝柔和版/06_Web_内容与来源.png,,045d50f0cb59e82cb1bd02ebf326787af35482dca5d2b059f47748e140b199db,
02_Web管理端/03_用户状态.png,知行日课_R1_浅蓝柔和版/07_Web_用户状态.png,,702f3a8ab3acd0fda0d7b3a862f8b737691c19f79b275e885687fa5d9564a9f8,
02_Web管理端/04_任务与运行.png,知行日课_R1_浅蓝柔和版/08_Web_任务与运行.png,,50920215058a5d67036998124dcd9fd8006099ceabfa56ba65108f02ea4eb028,
02_Web管理端/05_定时任务管理.png,新增功能_单页设计_25-33/29_Web_定时发现管理.png,,e70a8c244fadd3e066ea5454e83e8f7193fb9b9c6910946f15f02576a5e2a83f,
02_Web管理端/06_英语单词管理.png,新增功能_单页设计_25-33/30_Web_英语单词管理.png,,64f1805bab2d5a486164cdb20b37922faf03e255ad5d12d2943510bdefd53b72,
02_Web管理端/07_英语词条上传.png,新增功能_单页设计_25-33/33_Web_英语词条上传.png,,24da7267876d83cbd68577ed421495f7b346ea7a1e9761f8d73f9c6c79786831,
02_Web管理端/08_词条导入预览.png,新增功能_单页设计_25-33/31_Web_词条导入预览.png,,93eedb66c60c2078439abce61eaf7401885d724346f364b133a7a7da991f6ee9,
02_Web管理端/09_技术知识管理.png,新增功能_单页设计_25-33/32_Web_技术知识管理.png,,063efd4e20b8d7acd705686491d36be0e9d6c6666dcbe4c00e6544daa35d3509,
